{"cameraMode":{"drawMode":0,"name":"Shaded","section":"Shading Mode"},"sceneLighting":true,"audioPlay":false,"sceneViewState":{"showFog":true,"showMaterialUpdate":false,"showSkybox":true,"showFlares":true,"showImageEffects":true,"showParticleSystems":true,"showVisualEffectGraphs":true,"m_FxEnabled":true},"in2DMode":false,"pivot":{"x":1.726078987121582,"y":0.025963306427001954,"z":0.046311378479003909},"rotation":{"x":-0.08755333721637726,"y":0.8982187509536743,"z":-0.20871102809906007,"w":-0.37679871916770937},"size":5.424745559692383,"orthographic":false}